"cohortId","atlasId","cohortName","description","createdDate","modifiedDate","createdBy","modifiedBy"
2,2,"[W] COVID-19 diagnosis or SARS-CoV-2 test (1pos) (3Ps, 7Era)","Withdrawn by contributor before peer review","2021-09-22","2022-11-22",,
3,3,"[P] Cough or Sputum (3Pe, 30Era)","Status: Pending peer review.
hashTag: #Symptoms
Contributor: Gowtham A. Rao
Forum: https://forums.ohdsi.org/t/phenotype-submission-symptoms-and-signs/17895
Logic: All events of cough or sputum finding.","2021-09-22","2023-01-03",,
4,4,"[P] Diarrhea (3Pe, 30Era)","Status: Pending peer review.
hashTag: #Symptoms
Contributor: Gowtham A. Rao
Forum: https://forums.ohdsi.org/t/phenotype-submission-symptoms-and-signs/17895
Logic: All events of diarrhea including Functional Diarrhea.","2021-09-23","2023-01-03",,
5,5,"[P] Dyspnea (7Pe, 90Era)","Status: Pending peer review.
hashTag: #Symptoms
Contributor: Gowtham A. Rao
Forum: https://forums.ohdsi.org/t/phenotype-submission-symptoms-and-signs/17895
Logic: All events of dyspnea including difficulty breathing or abnormal breathing.","2021-09-23","2023-01-03",,
6,6,"[P] Fever (3Pe, 30Era)","Status: Pending peer review.
hashTag: #Symptoms
Contributor: Gowtham A. Rao
Forum: https://forums.ohdsi.org/t/phenotype-submission-symptoms-and-signs/17895
Logic: All events of fever or elevated temperature measurement.","2021-09-23","2023-02-12",,
7,7,"[P] Headache or Headache disorder (7Pe, 30Era)","Status: Pending peer review.
hashTag: #Symptoms
Contributor: Gowtham A. Rao
Forum: https://forums.ohdsi.org/t/phenotype-submission-symptoms-and-signs/17895
Logic: All events of Headache or headache disorder","2021-09-23","2023-02-12",,
8,8,"[P] Altered smell or taste including Anosmia, Hyposmia or Dysgeusia (7Pe, 30Era)","Status: Pending peer review.
hashTag: #Symptoms
Contributor: Gowtham A. Rao
Forum: https://forums.ohdsi.org/t/phenotype-submission-symptoms-and-signs/17895
Logic: Altered smell or taste including Anosmia, Hyposmia or Dysgeusia","2021-09-23","2023-02-12",,
9,9,"[P] Sore throat (3Pe, 7Era)","Status: Pending peer review.
hashTag: #Symptoms
Contributor: Gowtham A. Rao
Forum: https://forums.ohdsi.org/t/phenotype-submission-symptoms-and-signs/17895
Logic: All events of Sore throat","2021-09-23","2023-02-12",,
10,10,"[P] Nausea or Vomiting (3Pe, 30Era)","Status: Pending peer review.
hashTag: #Symptoms
Contributor: Gowtham A. Rao
Forum: https://forums.ohdsi.org/t/phenotype-submission-symptoms-and-signs/17895
Logic: All events of Nausea or vomiting","2021-09-23","2022-12-06",,
11,11,"[P] Malaise and or fatigue (3Pe, 30Era)","Status: Pending peer review.
hashTag: #Symptoms
Contributor: Gowtham A. Rao
Forum: https://forums.ohdsi.org/t/phenotype-submission-symptoms-and-signs/17895
Logic: All events of Malaise and or fatigue","2021-09-23","2023-02-12",,
12,12,"[P] Rhinitis or common cold or Sinusitis (7Pe, 30Era)","Status: Pending peer review.
hashTag: #Symptoms
Contributor: Gowtham A. Rao
Forum: https://forums.ohdsi.org/t/phenotype-submission-symptoms-and-signs/17895
Logic: All events of Rhinitis or common cold","2021-09-23","2023-02-12",,
13,13,"[P] Myalgia (not explained by injury, ischemia or systemic inflammation) (3Pe, 30Era)","Status: Pending peer review.
hashTag: #Symptoms
Contributor: Gowtham A. Rao
Forum: https://forums.ohdsi.org/t/phenotype-submission-symptoms-and-signs/17895
Logic: All events of Myalgia. Exclude persons with secondary causes of myalgia explained by injury, ischemia or chronic systemic inflammation.","2021-09-23","2023-02-12",,
14,14,"[P] Myalgia (3Pe, 30Era)","Status: Pending peer review.
hashTag: #Symptoms
Contributor: Gowtham A. Rao
Forum: https://forums.ohdsi.org/t/phenotype-submission-symptoms-and-signs/17895
Logic: All events of Myalgia.","2021-09-23","2023-02-12",,
15,15,"[W] Exposure to Viral Disease (7Pe, 30Era)","Withdrawn by contributor before peer review","2021-09-23","2022-11-22",,
16,16,"[W] Exposure to SARS-Cov 2 and coronavirus (7Pe, 30Era)","Withdrawn by contributor before peer review","2021-09-23","2022-11-22",,
17,17,"[W] Exposure to SARS-Cov 2 (7Pe, 30Era)","Withdrawn by contributor before peer review","2021-09-23","2022-11-22",,
18,18,"[P] Multiple Inflammatory Syndrome (30Pe, 30Era)","Status: Grandfathered into Phenotype Library. Pending peer review.
Contributor: 
Forum: 
Logic: All events of Multisystem inflammatory syndrome (MIS)","2021-09-23","2022-11-22",,
19,19,"[P] Acute Typical Pneumonia (14Pe, 30Era)","Status: Pending peer review.
Contributor: Gowtham Rao
Forum: 
Logic: All events of Acute Typical Pneumonia","2021-09-23","2022-11-22",,
20,20,"[P] Bronchitis or Bronchiolitis (14Pe, 30Era)","Status: Pending peer review.
hashTag: #Signs
Contributor: Gowtham A. Rao
Forum: https://forums.ohdsi.org/t/phenotype-submission-symptoms-and-signs/17895
Logic: All events of Bronchitis","2021-09-23","2023-02-12",,
21,21,"[P] Acute respiratory distress syndrome (ARDS) or Acute Respiratory Failure (3Pe, 30Era)","Status: Pending peer review.
Contributor: 
Forum: 
Logic: All events of Acute respiratory distress syndrome (ARDS) or Acute Respiratory Failure","2021-09-23","2022-11-22",,
22,22,"[W] SARS-CoV-2 testing (1Ps, 0Era)","Withdrawn by contributor before peer review","2021-09-23","2022-11-22",,
23,23,"Inpatient Hospitalization (1Pe, 0Era)","Status: Accepted. This cohort is deemed validated as it represents data convention and did not need to go thru peer review process.
Version: 3.4.0
hashTag: #standard
Contributor: Gowtham A. Rao
Forum: 
Logic: All events of Inpatient visit","2021-09-23","2023-02-13",,
24,24,"Emergency room visits (0Pe, 0Era)","Status: Accepted. This cohort is deemed validated as it represents data convention and did not need to go thru peer review process.
Contributor: Gowtham A Rao
Version: 3.4.0
hashTag: #standard
Forum: 
Logic: All events of Emergency Room visits.","2021-09-23","2023-02-13",,
25,25,"All cause mortality","Status: Pending peer review.
hashTag: #standard
Contributor: Gowtham A Rao
Version: 3.4.0
Forum: 
Logic: Earliest observation of any death","2021-09-23","2023-02-13",,
26,26,"[P] Asthma or Chronic obstructive pulmonary disease (COPD) (FP)","Status: Pending peer review.
Contributor: 
Forum: 
Logic: Earliest of either COPD or asthma diagnosis or earliest of at least two respiratory therapy separated by 180 days.","2021-09-23","2022-11-22",,
27,27,"[P] Asthma without COPD (FP)","Status: Pending peer review.
Contributor: 
Forum: 
Logic: Earliest of either asthma diagnosis or therapy for asthma with a history of another asthma therapy more than 180 days before. The person should not have a diagnosis or treatment for COPD in past.","2021-09-23","2022-11-22",,
28,28,"[P] Chronic obstructive pulmonary disease (COPD) without asthma (FP)","Status: Pending peer review.
Contributor: 
Forum: 
Logic: Earliest of either COPD diagnosis or COPD therapy with no prior asthma diagnosis","2021-09-23","2022-11-22",,
29,29,"[W] Autoimmune condition (FP)","Withdrawn by contributor before peer review. No clinical description, evaluation or discussions found. May need to be revisited in future.","2021-09-23","2022-11-22",,
30,30,"[P] Tuberculosis (FP)","Status: Pending peer review.
Contributor: 
Forum: 
Logic: Earliest event of tuberculosis with at least 3 different drugs for tuberculosis at anytime on or after diagnosis","2021-09-23","2022-11-22",,
31,31,"[P] Malignant neoplasm excluding non-melanoma skin cancer (FP)","Status: Pending peer review.
Contributor: 
Forum: 
Logic: Persons with a malignant neoplastic disease or history of malignant neoplastic disease.","2021-09-23","2022-11-22",,
32,32,"[P] Obesity (FP)","Status: Pending peer review.
hashTag: #Signs
Contributor: Gowtham A. Rao
Forum: https://forums.ohdsi.org/t/phenotype-submission-symptoms-and-signs/17895
Logic: Persons with obesity diagnosis or a body weight measurement > 120 kg or 265 lbs","2021-09-23","2023-02-12",,
33,33,"[P] Dementia (FP)","Status: Pending peer review.
Contributor: 
Forum: 
Logic: Persons with the diagnosis of dementia, includes history of Dementia.","2021-09-23","2022-11-22",,
34,34,"[P] Hypertensive disorder or hypertensive complications (FP)","Status: Pending peer review.
Contributor: Gowtham A. Rao
Forum: 
Logic: Earliest of Hypertensive disorder diagnosis or complication of hypertension.","2021-09-23","2022-11-22",,
35,35,"[W] Chronic kidney disease (FP)","Withdrawn by contributor before peer review. No clinical description, evaluation or discussions found. May need to be revisited in future.","2021-09-23","2022-11-22",,
36,36,"[P] Human immunodeficiency virus (not HIV2) infection (FP)","Status: Pending peer review.
Contributor: 
Forum: 
Logic: Earliest diagnosis of HIV (not HIV2) with another diagnosis in future or a treatment for HIV.","2021-09-23","2022-11-22",,
37,37,"[P] Hepatitis C (FP)","Status: Pending peer review.
Contributor: 
Forum: 
Logic: Earliest diagnosis of Hepatitis C.","2021-09-23","2022-11-22",,
38,38,"[P] Heart disease (FP)","Status: Pending peer review.
Contributor: Gowtham A. Rao
Forum: 
Logic: Earliest of any Heart disease or arteriosclerosis of coronary artery bypass graft.","2021-09-23","2022-11-22",,
39,39,"[W] End stage renal disease (FP)","Withdrawn by contributor before peer review. No clinical description, evaluation or discussions found. May need to be revisited in future.","2021-09-23","2022-11-22",,
40,40,"[P] Diabetes Mellitus Type 2 (FP)","Status: Pending peer review.
Contributor: Gowtham A. Rao
Forum: 
Logic: Earliest of any Type 2 Diabetes Mellitus or History of Diabetes.","2021-09-23","2022-11-22",,
41,41,"[W] Chronic kidney disease broad (FP)","Withdrawn by contributor before peer review. No clinical description, evaluation or discussions found. May need to be revisited in future.","2021-09-23","2022-11-22",,
42,42,"[W] End stage renal disease broad (FP)","Withdrawn by contributor before peer review. No clinical description, evaluation or discussions found. May need to be revisited in future.","2021-09-23","2022-11-22",,
43,43,"[P] Respiratory or pulmonary tuberculosis (FP)","Status: Pending peer review.
Contributor: Gowtham A. Rao
Forum: 
Logic: Earliest occurrence of respiratory or pulmonary tuberculosis","2021-09-23","2022-11-22",,
44,44,"[W] COVID-19 diagnosis (3Pe, 7Era)","Withdrawn by contributor before peer review","2021-09-24","2022-11-22",,
45,45,"[W] COVID-19 diagnosis with SARS-Cov-2 test (-3d to 3d) (3Pe, 21Era)","Withdrawn by contributor before peer review","2021-09-24","2022-11-22",,
46,46,"[W] COVID-19 diagnosis and SARS-CoV-2 test (1pos) within 3d (3Pe, 21Era)","Withdrawn by contributor before peer review","2021-09-24","2022-11-22",,
47,47,"[W] COVID-19 diagnosis and SARS-CoV-2 test (1pos) (0neg) within 3d (3Pe, 21Era)","Withdrawn by contributor before peer review","2021-09-24","2022-11-22",,
48,48,"[W] COVID-19 diagnosis and SARS-CoV-2 test (0pos upto 3d, 1neg within 3d) (3Pe, 7Era)","Withdrawn by contributor before peer review","2021-09-24","2022-11-22",,
51,51,"[W] SARS-CoV-2 test positive result (0Ps, 0Era)","Withdrawn by contributor before peer review.","2021-09-24","2022-11-22",,
52,52,"[W] SARS-CoV-2 test negative result (0Ps, 0Era)","Withdrawn by contributor before peer review.","2021-09-24","2022-11-22",,
53,53,"[W] SARS-CoV-2 test positive or negative result - keep persons with positive (0Ps, 0Era)","Withdrawn by contributor before peer review. ","2021-09-24","2022-11-22",,
54,54,"[P] Febrile seizure (1Pe, 1Era)","Status: Pending peer review.
hashTag: #Signs
Contributor: Gowtham A. Rao
Forum: https://forums.ohdsi.org/t/phenotype-submission-symptoms-and-signs/17895
Logic: All events of Febrile seizures.","2021-09-24","2023-02-12",,
55,55,"[W] COVID-19 diagnosis or SARS-CoV-2 test (1pos) (3Ps, 21Era)","Withdrawn by contributor before peer review. ","2021-09-24","2022-11-22",,
56,56,"[P] SARS-CoV-2 test (1pos) or COVID-19 diagnosis with (0 neg -3d to 3d) (3Ps, 21Era)","Status: Pending peer review.
Contributor: Gowtham A. Rao
Forum: 
Logic: All events of Covid Diagnosis without a negative test result or a SARS-Cov-2 test positive test","2021-09-30","2022-11-22",,
57,57,"[P] Bleeding (1Pe, 1Era)","Status: Pending peer review.
hashTag: #Signs
Contributor: Gowtham A. Rao
Forum: https://forums.ohdsi.org/t/phenotype-submission-symptoms-and-signs/17895
Logic: All events of Bleeding diagnosis","2021-09-30","2023-01-04",,
58,58,"[W] SARS-CoV-2 test positive result (3Ps, 21Era)","Withdrawn by contributor before peer review. ","2021-10-05","2022-11-22",,
59,59,"[W] COVID-19 diagnosis with no SARS-CoV-2 test (3Ps, 21Era)","Withdrawn by contributor before peer review","2021-10-05","2022-11-22",,
60,60,"[W] SARS-CoV-2 test positive and negative result (0Ps, 0Era)","Withdrawn by contributor before peer review. ","2021-10-05","2022-11-22",,
61,61,"[P] Bradycardia or heart block with inpatient admission (1Pe, 30Era)","Status: Pending peer review.
Contributor: Gowtham A. Rao
Forum: 
Logic: All events of Bradycardia or heart block or first occurrence of pace maker limited to inpatient visit.","2021-10-05","2022-11-22",,
62,62,"[P] Generalized Seizure (1Pe, 1Era)","Status: Pending peer review.
hashTag: #Signs
Contributor: Gowtham A. Rao
Forum: https://forums.ohdsi.org/t/phenotype-submission-symptoms-and-signs/17895
Logic: All events of seizure with no seizure events","2021-10-05","2023-01-04",,
63,63,"Transverse myelitis or symptoms indexed on symptoms or diagnosis (1Ps, 0Era, 365W)","Status: Accepted
hashTag: #Accepted, #Level2
Version: 3.7.0
Reviewer: Evan Minty
Contributor: Gowtham A. Rao
Forum post: https://forums.ohdsi.org/t/phenotype-submission-transverse-myelitis/17769
Logic: events with a diagnosis of transverse myelitis indexed on diagnosis of transverse myelitis, related spinal disease or symptoms of transverse myelitis, followed by a diagnosis of transverse myelitis within 30 days. Events have a 365 days washout period. The events persist for 1 day. Symptoms of Transverse Myelitis included asthenia, muscle weakness, myelitis, paresthesia.","2021-10-05","2023-02-13",,
64,64,"[P] Flu-like symptoms fever, cough, malaise, fatigue, dyspnea, myalgia (3Pe, 30Era)","Status: Pending peer review.
hashTag: #Symptoms, #Signs
Contributor: Gowtham A. Rao
Forum: https://forums.ohdsi.org/t/phenotype-submission-symptoms-and-signs/17895
Logic: All events of flue like symptoms or signs","2021-10-05","2023-02-12",,
65,65,"[W] Acute pancreatitis with inpatient admission (3Pe, 30Era)","Withdrawn and  replaced by 205","2021-10-05","2022-11-14",,
66,66,"[W] Acute renal failure with inpatient admission (3Pe, 30Era)","Withdrawn by contributor before peer review. ","2021-10-05","2022-11-22",,
67,67,"[W] Hepatic failure with inpatient admission (3Pe, 30Era)","Withdrawn by contributor before peer review. ","2021-10-05","2022-11-22",,
68,68,"[W] Heart failure with inpatient admission (3Pe, 30Era)","Withdrawn by contributor before peer review. ","2021-10-05","2022-11-22",,
69,69,"[W] Angioedema with inpatient admission (7Ps, 30Era)","Withdrawn by contributor before peer review. ","2021-10-05","2022-11-22",,
70,70,"[P] Stroke (ischemic or hemorrhagic) with inpatient admission (7Ps, 30Era)","Status: Pending peer review.
Contributor: 
Forum post: 
Logic: all events of ischemic or hemorrhagic stroke in an inpatient or ER visit.","2021-10-05","2022-11-22",,
71,71,"[P] Acute myocardial infarction with inpatient admission (7Pe, 180Era)","Status: Pending peer review.
Contributor: Gowtham A. Rao
Forum post: https://forums.ohdsi.org/t/phenotype-phebruary-day-15-acute-myocardial-infarction-stemi-nstemi-ua-chronic-angina/15900
Logic: all events of acute myocardial infarction in an inpatient or ER visit.","2021-10-05","2022-11-29",,
72,72,"[P] Influenza diagnosis or positive test result (7Pe, 90Era)","Status: Pending peer review.
Contributor: 
Forum post: 
Logic: all events of influenza diagnosis, or positive influenza test result.","2021-10-05","2022-11-22",,
73,73,"[W] Pregnancy (270P, 0Era)","Withdrawn by contributor before peer review. ","2021-10-05","2022-11-22",,
74,74,"[P] Hemorrhagic stroke (intracerebral bleeding) with inpatient admission (7Ps, 180Era)","Status: Pending peer review.
Contributor: Unknown
Forum post: none
Logic: all events of hemorrhagic stroke while inpatient or ER setting..","2021-10-05","2023-02-02",,
75,75,"[P] Ischemic stroke with inpatient admission (7Ps, 180Era)","Status: Pending peer review.
Contributor: 
Forum post: 
Logic: all events of ischemic stroke while inpatient  or ER setting..","2021-10-05","2022-11-22",,
76,76,"[P] Transient ischemic attack with inpatient admission (7Ps, 30Era)","Status: Pending peer review.
Contributor: 
Forum post: 
Logic: all events of transient ischemic attack while in inpatient or ER setting.","2021-10-05","2022-11-22",,
77,77,"[P] Gastrointestinal bleeding with inpatient admission (7Ps, 30Era)","Status: Pending peer review.
Contributor: 
Forum post: 
Logic: all events of gastrointestinal hemorrhage in inpatient or ER setting","2021-10-05","2022-11-22",,
78,78,"[P] Cardiac arrhythmia with inpatient admission (1Pe, 30Era)","Status: Pending peer review.
Contributor: 
Forum post: 
Logic: all events of cardiac arrhythmia or treatments for cardiac arrhythmia in inpatient or ER setting","2021-10-05","2022-11-22",,
79,79,"[P] Dialysis with inpatient admission (1Ps, 7Era)","Status: Pending peer review.
Contributor: 
Forum post: 
Logic: all events of dialysis in inpatient setting","2021-10-05","2022-11-22",,
80,80,"[P] Extracorporeal Membrane Oxygenation with inpatient admission (1Pe, 30Era)","Status: Pending peer review.
Contributor: 
Forum post: 
Logic: all events of Extracorporeal Membrane Oxygenation in inpatient setting.","2021-10-05","2022-11-22",,
81,81,"[P] Cesarean section (7Pe, 180Era)","Status: Pending peer review.
Contributor: 
Forum post: 
Logic: all events of Cesarean section.","2021-10-05","2022-11-22",,
82,82,"[P] Intensive services during hospitalization (1Ps, 30Era)","Status: Pending peer review.
Contributor: 
Forum post: 
Logic: all events of intensive care service in an inpatient setting","2021-10-05","2022-11-22",,
84,84,"[P] SARS-CoV-2 test (1pos) or COVID-19 diagnosis with (1pos or 0 neg 0d to 3d) (3Ps, 180Era)","Status: Pending peer review.
Contributor: 
Forum post: 
Logic: all events of positive SAR-CoV-2 test result or Covid-19 diagnosis without a negative test result on or within 3 days of diagnosis.","2021-10-09","2022-11-22",,
85,85,"[P] SARS-CoV-2 test (1pos) or COVID-19 diagnosis with (1pos or 0 neg 0d to 3d) (3Ps, 21Era)","Status: Pending peer review.
Contributor: 
Forum post: 
Logic: all events of positive SAR-CoV-2 test result or Covid-19 diagnosis without a negative test result on or within 3 days of diagnosis.","2021-10-09","2022-11-22",,
86,86,"[W] SARS-CoV-2 test positive or negative result (0Ps, 0Era)","Withdrawn by contributor before peer review. ","2021-10-11","2022-11-22",,
87,87,"[W] SARS-CoV-2 test (1Ps, 0Era)","Withdrawn by contributor before peer review. ","2021-10-21","2022-11-22",,
95,95,"[P] Delirium (7Pe, 7Era)","Status: Pending peer review.
hashTag: #Symptoms
Contributor: Gowtham A. Rao
Forum: https://forums.ohdsi.org/t/phenotype-submission-symptoms-and-signs/17895
Logic: first occurrence of Delirium","2022-02-04","2023-01-04",,
100,100,"[P] Alzheimer's disease","Status: Pending peer review.
Contributor: 
Forum post: 
Logic: first occurrence of Alzheimer's disease","2022-02-06","2022-11-22",,
119,119,"Systemic lupus erythematosus indexed on signs, symptoms, treatment or diagnosis (FP)","Status: Accepted
hashTag: #PhenotypePhebruary, #2023, #SystemicLupusErythematosus
Version: 3.10.0
Contributor: Joel Swerdel, Daniel Prieto-Alhambra
Forum post: https://forums.ohdsi.org/t/phenotype-phebruary-2023-p5-systemic-lupus-erythematosus-sle/18223
Logic: first signs and symptoms suggestive of Systemic lupus erythematosus (SLE) or first treatment suggestive of SLE with SLE diagnosis with 90 days.","2022-02-10","2023-02-13",,
123,123,"[W] First event of Suicide attempt, including injuries and poisonings with undetermined, 365 days","Withdrawn by contributor before peer review. No clinical description, evaluation or discussions found. May need to be revisited in future.","2022-02-11","2022-11-22",,
134,134,"[P] Persons with Attention Deficit Hyperactivity Disorder (FP)","Status: Pending peer review.
hasTag: #PhenotypePhebruary
Contributor: Patrick B. Ryan
Forum post: https://forums.ohdsi.org/t/phenotype-phebruary-day-13-attention-deficit-hyperactivity-disorder/15901
Logic: First occurrence of Attention-deficit hyperactivity disorder (ADHD) condition or related procedures, indexed on the earliest occurrence of ADHD condition, procedure or treatment (limited to drug exposure followed by a related condition or procedure), with 365d prior observation, exit at end of observation","2022-02-13","2023-01-26",,
142,142,"[P] Earliest event of ST elevated myocardial infarction (7P, 1E)",,"2022-02-15","2023-02-07",,
189,189,"[P] Right Upper Quadrant Pain (1Pe, 7Era)","Status: Pending peer review.
hashTag: #Symptoms
Contributor: Gowtham A. Rao
Forum: https://forums.ohdsi.org/t/phenotype-submission-symptoms-and-signs/17895
Logic: all events of right upper quadrant pain with no right upper quadrant pain.","2022-06-29","2023-01-04",,
190,190,"[P] Abdominal Distension (7Pe, 7Era)","Status: Pending peer review.
hashTag: #Symptoms
Contributor: Gowtham A. Rao
Forum: https://forums.ohdsi.org/t/phenotype-submission-symptoms-and-signs/17895
Logic: all events of abdominal distention","2022-06-29","2023-01-04",,
191,191,"[P] Fatigue, Malaise, Lethargy, Anorexia (1Pe, 7Era)","Status: Pending peer review.
hashTag: #Symptoms
Contributor: Gowtham A. Rao
Forum: https://forums.ohdsi.org/t/phenotype-submission-symptoms-and-signs/17895
Logic: events with a diagnosis of Fatigue, Malaise, Lethargy, Anorexia but not due to senile, cancer or stroke","2022-06-29","2023-02-12",,
192,192,"[P] Skin or mucosal bleeding events (1Pe, 7Era)","Status: Pending peer review.
hashTag: #Symptoms
Contributor: Gowtham A. Rao
Forum: Pending
Logic: all events of skin or mucosal bleeding","2022-06-29","2023-02-02",,
193,193,"[P] Jaundice or Itching (1Pe, 7Era)","Status: Pending peer review.
hashTag: #Symptoms
Contributor: Gowtham A. Rao
Forum: https://forums.ohdsi.org/t/phenotype-submission-symptoms-and-signs/17895
Logic: events of jaundice or itching","2022-06-29","2023-01-04",,
194,194,"[P] Encephalopathy or its presentations (1Pe, 14Era)","Status: Pending peer review.
hashTag: #Symptoms
Contributor: Gowtham A. Rao
Forum: https://forums.ohdsi.org/t/phenotype-submission-symptoms-and-signs/17895
Logic: events Encephalopathy or its presentations","2022-06-29","2023-01-04",,
195,195,"[P] Urothelial bladder cancer (FP)","Status: Pending peer review.
Contributor: 
Forum post: 
Logic: earliest urothelial cancer","2022-06-30","2022-11-22",,
196,196,"[W] Rheumatoid arthritis (FP)","Grandfathered cohort with unclear history. No clinical description, evaluation or discussions found. May need to be revisited in future.","2022-06-30","2022-09-07",,
197,197,"[P] Coronary Artery Disease from vessel disease to ischemic injury (FP)","Status: Pending peer review.
Contributor: Gowtham A. Rao
Forum post: 
Logic: first occurrence of coronary artery disease","2022-06-30","2022-11-22",,
198,198,"[W] Crohns disease (FP)","Grandfathered cohort with unclear history. No clinical description, evaluation or discussions found. May need to be revisited in future.","2022-06-30","2022-09-07",,
199,199,"[W] Major Depressive Disorder (FP)","Grandfathered cohort with unclear history. No clinical description, evaluation or discussions found. May need to be revisited in future.","2022-06-30","2022-09-07",,
200,200,"[W] Plaque psoriasis (FP)","Grandfathered cohort with unclear history. No clinical description, evaluation or discussions found. May need to be revisited in future.","2022-06-30","2022-09-07",,
201,201,"[W] Ulcerative colitis (FP)","Grandfathered cohort with unclear history. No clinical description, evaluation or discussions found. May need to be revisited in future.","2022-06-30","2022-09-07",,
205,205,"[W] Acute pancreatitis (7Pe, 0Era, 365W)","Grandfathered into Phenotype Library. Pending peer review.","2022-11-10","2022-11-15",,
206,206,"[W] Drug Induced Acute pancreatitis (7Pe, 365W)","Grandfathered into Phenotype Library. Pending peer review.","2022-11-10","2022-11-15",,
207,207,"[P] Acquired Pure Red Cell Aplasia","Status: Pending peer review.
Contributor: Gowtham A. Rao
Forum post: https://forums.ohdsi.org/t/phenotype-submission-acquired-pure-red-cell-aplasia/17854
Logic: earliest of acquired pure red cell aplasia indexed on anemia, with no congenital or genetic anemia or constitutional aplasia, and no erroneous measurements such as normal hemoglobin or hematocrit. Persons should not have constitutional aplasia as it represents congenital form of aplasia and should not have bone marrow transplantation.","2022-11-10","2022-12-02",,
208,208,"[P] Febrile Neutropenia or Neutropenic Fever (3Pe, 30Era)","Status: Pending peer review.
Contributor: Gowtham A. Rao
Forum post: https://forums.ohdsi.org/t/phenotype-submission-febrile-neutropenia-or-neutropenic-fever/17876
Logic: all events of febrile neutropenia or fever with neutropenia or infection with neutropenia in an inpatient or emergency room setting","2022-11-10","2022-12-05",,
209,209,"[P] Hemolytic Anemia Extra corpuscular ex hgpathy, memb defect, g6pd (7Pe, 90Era)","Status: Pending peer review.
Contributor: Gowtham A. Rao
Forum post: https://forums.ohdsi.org/t/phenotype-submission-hemolytic-anemia/17856
Logic: all events of hemolytic anemia, indexed on anemia or hemolysis, without congenital or hereditary causes of hemolytic anemia of membrane, enzyme or RBC structure.","2022-11-11","2023-01-26",,
210,210,"[P] Hemolytic Anemia Extra corpuscular ex hgpathy, memb defect (7Pe, 90Era)","Status: Pending peer review.
Contributor: Gowtham A. Rao
Forum post: https://forums.ohdsi.org/t/phenotype-submission-hemolytic-anemia/17856
Logic: all events of hemolytic anemia, indexed on anemia or hemolysis, without congenital or hereditary causes of hemolytic anemia of membrane, or RBC structure. Persons with enzyme disorder (e.g. G-6-PD deficiency) are not excluded.","2022-11-11","2023-01-26",,
211,211,"[P] Pancytopenia, Acquired","Status: Pending peer review.
Contributor: Gowtham A. Rao
Forum post: 
Logic: all events of pancytopenia indexed on diagnosis or lab results, with no congenital explanations for the pancytopenia.","2022-11-11","2022-12-05",,
213,213,"[P] Acquired Neutropenia or unspecified leukopenia (21Pe, 365Era)","Status: Pending peer review.
Contributor: Gowtham A. Rao
Forum post: https://forums.ohdsi.org/t/phenotype-submission-neutropenia/17409
Logic: all events of neutropenia indexed on diagnosis or lab results with no congenital or genetic neutropenia.","2022-11-11","2022-11-22",,
214,214,"[P] Acquired Isolated Neutropenia or unspecified leukopenia (21Pe, 365Era)","Status: Pending peer review.
Contributor: Gowtham A. Rao
Forum post: https://forums.ohdsi.org/t/phenotype-submission-neutropenia/17409
Logic: all events of neutropenia indexed on diagnosis or lab results with no congenital or genetic neutropenia, and no other cell lines reduced at the same time.","2022-11-11","2022-11-22",,
215,215,"[P] Isolated Immune Thrombocytopenia (365Pe, 365Era)","Status: Pending peer review.
Contributor: Gowtham A. Rao
Forum post: 
Logic: events of Immune Thrombocytopenia (ITP) with no evidence of congenital or genetic thrombocytopenia, and no simultaneous neutropenia, pancytopenia, bone marrow involvement, anemia. Persons exit after 180 days or when they have normal platelet count.","2022-11-11","2023-01-26",,
216,216,"[P] Isolated Immune Thrombocytopenia in absence of common thrombocytopenia causes (180Pe, 365Era)","Status: Pending peer review.
Contributor: Gowtham A. Rao
Forum post: 
Logic: events of Immune Thrombocytopenia (ITP) with no evidence of congenital or genetic thrombocytopenia, and no simultaneous neutropenia, pancytopenia, bone marrow involvement, anemia. Persons exit after 180 days or when they have normal platelet count. Also no evidence of common causes of thrombocytopenia including hypersplenism, antiphospholipid syndrome, paroxysmal noctural hemoglobinuria, hemolytic uremic syndrome, thrombotic microangiopathy, major autoimmune disorders, chronic liver disease, pregnancy HELLP, tumors of hematopoietic cells or nutritional deficiency.","2022-11-11","2022-12-06",,
217,217,"[P] Thrombotic microangiopathy (TMA) or Microangiopathic hemolytic anemia (MAHA)","Status: Pending peer review.
Contributor: Gowtham A. Rao
Forum post: 
Logic: earliest events of Immune Thrombotic microangiopathy or microangiopathic hemolytic anemia indexed on the diagnosis or its treatment or investigation. Persons with congenital or genetic thrombocytopenia are excluded. ","2022-11-11","2022-12-06",,
218,218,"[P] Rhabdomyolysis (3Pe, 90Era)","Status: Pending peer review.
Contributor: Gowtham A. Rao
Forum post: 
Logic: all events of rhabdomyolysis with hospitalization and no recent trauma, burn, drowning, hypothermia, hyperthermia, hyperpyrexia, crush syndrome, sepsis, march myoglobinuria, exertional rhabdomyolysis, or alcohol intoxication.","2022-11-11","2023-01-26",,
219,219,"[P] Sudden Cardiac arrest or cardiac death","Status: Pending peer review.
Contributor: Gowtham A. Rao
Forum post: 
Logic: earliest event of cardiac arrest with inpatient or ER visit.","2022-11-11","2022-11-23",,
220,220,"[P] Angioedema (3Pe, 180Era)","Status: Pending peer review.
Contributor: Gowtham A. Rao
Forum post: 
Logic: all events of angioedema, with no recent cardiac edema, cellulitis, erysipelas, dermatitis or eczema, lymphedema or insect bites.","2022-11-11","2023-01-26",,
221,221,"[P] Anaphylaxis Non Environmental exposure related (1Pe, 30Era)","Status: Pending peer review.
Contributor: Gowtham A. Rao
Forum post: https://forums.ohdsi.org/t/phenotype-submission-anaphylaxis/17835
Logic: all events of anaphylaxis that is not due to environmental etiology and no food, substance, insect bite or sting, poisoning as an explanation for anaphylaxis.","2022-11-11","2023-01-26",,
222,222,"[P] Stevens-Johnson syndrome, toxic epidermal necrolysis spectrum","Status: Pending peer review.
Contributor: Gowtham A. Rao
Forum post: 
Logic: earliest event of Stevens Johnson syndrome or toxic epidermal necrolysis syndrome in an inpatient or Emergency room setting","2022-11-11","2022-12-02",,
223,223,"[P] Posterior reversible encephalopathy syndrome PRES (FP)","Status: Pending peer review.
Contributor: Gowtham A. Rao
Forum post: 
Logic: all events of posterior reversible encephalopathy syndrome with no hypertensive encephalopathy or eclampsia.","2022-11-12","2023-02-11",,
224,224,"[P] Long QT Syndrome or QT prolonged (Acquired)","Status: Pending peer review.
Contributor: Gowtham A. Rao
Forum post: 
Logic: all events of Long QT or QT prolonged. Exclude persons with congenital QT syndrome.","2022-11-12","2022-11-23",,
225,225,"[P] Drug-induced Lupus (180Pe, 365Era)","Status: Pending peer review.
Contributor: Gowtham A. Rao
Forum post: 
Logic: all events of drug induced lupus with no Systemic Lupus Erythematosus","2022-11-12","2023-01-31",,
226,226,"[P] Drug Rash with Eosinophilia and Systemic Symptoms DRESS (1Pe, 30Era)","Status: Pending peer review.
Contributor: Gowtham A. Rao
Forum post: 
Logic: all events of Drug Rash With Eosinophilia and Systemic Symptoms (DRESS)","2022-11-12","2023-01-26",,
227,227,"[P] Severe Cutaneous Adverse Reaction SCAR (SJS+TEN+DRESS+EM) (3Pe, 180Era)","Status: Pending peer review.
Contributor: Gowtham A. Rao
Forum post: 
Logic: all events of Drug Rash With Eosinophilia and Systemic Symptoms (DRESS), Erythema Multiforme, Stevens-Johnson Syndrome or Toxic-Epidermal necrolysis.","2022-11-12","2023-01-26",,
228,228,"[P] Severe Cutaneous Adverse Reaction SCAR (SJS+TEN+DRESS) (3Pe, 180Era)","Status: Pending peer review.
Contributor: Gowtham A. Rao
Forum post: 
Logic: all events of Drug Rash With Eosinophilia and Systemic Symptoms (DRESS), Stevens-Johnson Syndrome or Toxic-Epidermal necrolysis.","2022-11-12","2023-01-26",,
229,229,"[P] Progressive multifocal leukoencephalopathy","Status: Pending peer review.
Contributor: Gowtham A. Rao
Forum post: 
Logic: earliest occurrence of progressive multifocal leukoencephalopath.","2022-11-12","2022-12-08",,
230,230,"[P] Autoimmune hepatitis (365Pe, 365Era)","Status: Pending peer review.
Contributor: Gowtham A. Rao
Forum post: 
Logic: all events of autoimmune hepatitis with no chronic liver diseases that may have similar presentation up to 365days prior such as viral hepatitis, drug induced liver injury, alcoholic liver disease, and no systemic lupus erythematosus in past 365 days","2022-11-12","2023-01-26",,
231,231,"[P] Erythema multiforme (3Pe, 180Era)","Status: Pending peer review.
Contributor: Gowtham A. Rao
Forum post: 
Logic: all events of erythema multiformae with 365 days washout period","2022-11-12","2023-01-26",,
232,232,"[P] Paresthesia (3Pe, 90Era)","Status: Pending peer review.
hashTag: #Symptoms
Contributor: Gowtham A. Rao
Forum: https://forums.ohdsi.org/t/phenotype-submission-symptoms-and-signs/17895
Logic: all events of paresthesia","2022-11-12","2023-02-12",,
233,233,"[P] Hemorrhagic stroke (90Pe, 0Era)","Status: Pending peer review.
Contributor: Gowtham A. Rao
Forum post: 
Logic: all events of hemorrhagic stroke during an inpatient or ER visit.","2022-11-12","2023-01-26",,
234,234,"[P] Appendicitis (1Pe, 180Era)","Status: Pending peer review.
Contributor: Gowtham A. Rao
Forum post: 
Logic: events of appendicitis with an inpatient or ER visit with no events in 365 days clean window. ","2022-11-12","2023-01-26",,
235,235,"[P] Guillain Barre syndrome (180Pe, FP)","Status: Pending peer review.
Contributor: Gowtham A. Rao
Forum post: 
Logic: earliest event of Guillain Barre Syndrome during inpatient or ER stay","2022-11-12","2022-11-23",,
236,236,"[P] Idiopathic Peripheral Neuropathy (FP)","Status: Pending peer review.
Contributor: Gowtham A. Rao
Forum post: 
Logic: first occurrence of idiopathic peripheral neuropathy","2022-11-12","2023-01-26",,
237,237,"[P] Kawasaki disease (365Pe, 365Era)","Status: Pending peer review.
Contributor: Gowtham A. Rao
Forum post: Pending
Logic: events of Kawasaki's disease","2022-11-12","2023-01-26",,
238,238,"[P] Optic Neuritis (7Pe, 365Era)","Status: Pending peer review.
Contributor: Gowtham A. Rao
Forum post: 
Logic: events of optic neuritis with no events in prior clean window.","2022-11-12","2023-01-26",,
239,239,"[P] Narcolepsy events (1Pe, 365Era)","Status: Pending peer review.
Contributor: Gowtham A Rao
Forum post: https://forums.ohdsi.org/t/phenotype-submission-narcolepsy/17784
Logic description: All events of Narcolepsy (includes cataplexy with narcolepsy) with no such events in prior clean window period (365 days). Persons should not be diagnosed with hypersomnia. Persons exit the cohort on end_date + 90 days as persons are assumed to have the condition for at least 90 days.","2022-11-12","2023-01-26",,
240,240,"[P] Muscle weakness or monoplegia (3Pe, 30Era)","Status: Pending peer review.
Contributor: Gowtham A. Rao
Forum post: 
Logic: events of muscle weakness or monoplegia with no events in prior 365 days clean window","2022-11-12","2023-01-26",,
241,241,"[P] Urticaria (1Pe, 14Era)","Status: Pending peer review.
hashTag: #Symptoms
Contributor: Gowtham A. Rao
Forum: https://forums.ohdsi.org/t/phenotype-submission-symptoms-and-signs/17895
Logic: events of urticaria","2022-11-12","2023-01-04",,
243,243,"[P] Tinnitus (1Pe, 180Era)","Status: Pending peer review.
hashTag: #Symptoms
Contributor: Gowtham A. Rao
Forum: https://forums.ohdsi.org/t/phenotype-submission-symptoms-and-signs/17895
Logic: events of tinnitus","2022-11-12","2023-02-12",,
244,244,"[P] Dizziness including motion sickness and vertigo (1Pe, 30Era)","Status: Pending peer review.
hashTag: #Symptoms
Contributor: Gowtham A. Rao
Forum: https://forums.ohdsi.org/t/phenotype-submission-symptoms-and-signs/17895
Logic: events of dizziness","2022-11-12","2023-02-12",,
245,245,"[P] Hepatic Thrombosis (90Pe, 0Era)","Status: Pending peer review.
Contributor: Gowtham A. Rao
Forum post: 
Logic: first event of hepatic thrombosis","2022-11-12","2022-11-23",,
246,246,"[P] Portal vein thrombosis (90Pe, 0Era)","Status: Pending peer review.
Contributor: Gowtham A. Rao
Forum post: 
Logic: first event of portal vein thrombosis","2022-11-12","2022-11-23",,
247,247,"[P] Deep Vein Thrombosis DVT (90Pe, 0Era)","Status: Pending peer review.
Contributor: Gowtham A. Rao
Forum post: https://forums.ohdsi.org/t/phenotype-submission-transverse-myelitis/17769
Logic: first event of non obstetric Deep Vein Thrombosis","2022-11-12","2022-11-23",,
248,248,"[P] Disseminated intravascular coagulation DIC (1Pe, 0Era, 365W)","Status: Pending peer review.
Contributor: Gowtham A. Rao
Forum post: 
Logic: events of Disseminated Intravascular Coagulation in an inpatient or ER setting with no events in prior 365 day window","2022-11-12","2022-11-23",,
249,249,"[P] Ischemic (Non-hemorrhagic) Stroke (1Pe, 0Era, 365W)","Status: Pending peer review.
Contributor: Gowtham A. Rao
Forum post: 
Logic: events of cerebral infarction while in an inpatient or ER setting with no events in prior 365 days window","2022-11-12","2022-11-23",,
251,251,"[P] Acute pancreatitis (7Pe, 180Era)","Status: Pending peer review.
Contributor: Gowtham A. Rao
Forum post: https://forums.ohdsi.org/t/phenotype-submission-acute-pancreatitis-and-drug-induced-acute-pancreatitis/17848
Logic: events of acute pancreatitis in an inpatient or emergency setting and no history of chronic pancreatitis or hereditary or congenital pancreatitis.","2022-11-15","2023-02-01",,
253,253,"[P] Drug Induced Acute pancreatitis (7Pe, 180Era)","Status: Pending peer review.
Contributor: Gowtham A. Rao
Forum post: https://forums.ohdsi.org/t/phenotype-submission-acute-pancreatitis-and-drug-induced-acute-pancreatitis/17848
Logic: events of acute pancreatitis in an inpatient or emergency setting with no events in prior washout window of 365 days, and no history of chronic pancreatitis or hereditary or congenital pancreatitis. Events with other explanations for acute pancreatitis such as alcoholic pancreatitis, severe alcoholism, recent alcohol intoxication, cholangitis or cholecystitits, biliary tract disease, endoscopic retrograde cholangiopancreatography, intestinal ischemia or obstruction or not eligible.","2022-11-15","2023-01-26",,
254,254,"[P] Drug Resistant Epilepsy","Status: Pending peer review. 
Contributor: Mathew Spotnitz;
Forum post: https://forums.ohdsi.org/t/phenotype-submission-drug-resistant-epilepsy/17569
Logic: first occurrence of epilepsy in inpatient, of subsequent epilepsy in an outpatient setting after another outpatient epilepsy visit more than 30 days before, or anti-epileptic drug on or after a diagnosis of epilepsy. Limit to persons with at least two different anti epilepsy drug or diagnosis of intractable epilepsy on or after index date.
","2022-11-17","2022-11-23",,
255,255,"[P] Alzheimer's disease (based on Imfeld, 2013)","Status: Pending peer review.
Contributor: 
Forum post: 
Logic: this is an approximation of algorithm published by Imfeld et.al 2013.","2022-11-18","2022-11-23",,
256,256,"[P] Facial Palsy lower motor neuron including Bells Palsy (180Pe, 180Era)","Status: Pending peer review.
Contributor: Gowtham A. Rao
Forum post: https://forums.ohdsi.org/t/phenotype-submission-facial-palsy-lmn-including-bells-palsy-thats-not-umn/17788
Logic: events of facial palsy with 183 days washout period. Remove persons with congenital facial palsy. Remove events with upper motor neuron disease suggestive of stroke.","2022-11-22","2023-01-26",,
257,257,"[P] Emergency room visits or code (0Pe, 0Era)","Status: Pending peer review.
Contributor: Gowtham A Rao
Forum: 
Logic: All events of Emergency Room visits or code","2022-11-22","2023-02-12",,
258,258,"[P] Anaphylaxis or Anaphylactic shock events (1Pe, 30Era)","Status: Pending peer review.
Contributor: Erica Voss
Forum post: https://forums.ohdsi.org/t/phenotype-phebruary-day-24-anaphylaxis/16033
Logic: all events of anaphylaxis or anaphylaxis shock due to serum with no events in prior clean window.","2022-11-28","2023-01-26",,
259,259,"[P] Anaphylaxis all cause (1Pe, 30Era)","Status: Pending peer review.
Contributor: Gowtham A. Rao, Andrea Noel
Forum post: https://forums.ohdsi.org/t/phenotype-phebrurary-2023-p2-anaphylaxis/18193
Logic: all events of anaphylaxis","2022-11-28","2023-02-11",,
260,260,"[P] ST elevated myocardial infarction with inpatient admission (7Pe, 180Era)","Status: Pending peer review.
Contributor: Gowtham A. Rao
Forum post: https://forums.ohdsi.org/t/phenotype-phebruary-day-15-acute-myocardial-infarction-stemi-nstemi-ua-chronic-angina/15900
Logic: all events of ST segment acute myocardial infarction in an inpatient or ER visit.","2022-11-29","2022-11-29",,
261,261,"[P] Non ST elevated myocardial infarction with inpatient admission (7Pe, 180Era)","Status: Pending peer review.
Contributor: Gowtham A. Rao
Forum post: https://forums.ohdsi.org/t/phenotype-phebruary-day-15-acute-myocardial-infarction-stemi-nstemi-ua-chronic-angina/15900
Logic: all events of Non ST segment acute myocardial infarction in an inpatient or ER visit.","2022-11-29","2022-11-29",,
262,262,"[P] Unstable Angina with inpatient admission (7Pe, 180Era)","Status: Pending peer review.
Contributor: Gowtham A. Rao
Forum post: https://forums.ohdsi.org/t/phenotype-phebruary-day-15-acute-myocardial-infarction-stemi-nstemi-ua-chronic-angina/15900
Logic: all events of Unstable Angina in an inpatient or ER visit.","2022-11-29","2022-11-29",,
263,263,"[P] Unstable Angina OR NSTEMI with inpatient admission (7Pe, 180Era)","Status: Pending peer review.
Contributor: Gowtham A. Rao
Forum post: https://forums.ohdsi.org/t/phenotype-phebruary-day-15-acute-myocardial-infarction-stemi-nstemi-ua-chronic-angina/15900
Logic: all events of Unstable Angina or NSTEMI in an inpatient or ER visit.","2022-11-29","2022-11-29",,
264,264,"[P] Acute Hepatic Failure in persons with liver disease (365Pe, 365Era)","Status: Pending peer review.
Contributor: Gowtham A. Rao
Forum post: 
Logic: Events of Hepatic Failure. Persons should have prior liver disease.","2022-11-29","2023-01-26",,
265,265,"[P] Drug Induced Acute Hepatic Failure (365Pe, 365Era)","Status: Pending peer review.
Contributor: Gowtham A. Rao
Forum post: 
Logic: first occurrence of Hepatic Failure and no other liver problems in past.","2022-11-29","2023-01-26",,
267,267,"[P] Acute Kidney Injury AKI, in persons with chronic kidney disease (7Pe, 7Era)","Status: Pending peer review.
Contributor: Gowtham A. Rao
Forum post: 
Logic: all events of Acute Kidney Injury with washout period of 30 days. Persons should have chronic kidney disease that is is not ESKD, and should be not on chronic dialysis or had kidney transplant. Acute Kidney Injury (AKI) indexed on a diagnosis of Acute kidney injury  or a Dialysis procedure at a medicare certified esrd facility for acute kidney injury without esrd, excluding events/patients with 1. a diagnosis of End-Stage Kidney Disease in the 365 days before AKI occurrence 2. patients receiving chronic dialysis defined as more than 3 recorded events of dialysis in 365 days before AKI occurrence 3.  kidney Transplant any time prior; applying a washout period of 30 days between observed events. patients exit the cohort 7 days post index.","2022-11-29","2023-01-26",,
268,268,"[P] Acute Kidney Injury AKI, in persons with NO chronic kidney disease (7Pe, 7Era)","Status: Pending peer review.
Contributor: Gowtham A. Rao
Forum post: 
Logic: all events of Acute Kidney Injury with washout period of 30 days. Persons should have chronic kidney disease that is is not ESKD, and should be not on chronic dialysis or had kidney transplant. Acute Kidney Injury (AKI) indexed on a diagnosis of Acute kidney injury  or a Dialysis procedure at a medicare certified esrd facility for acute kidney injury without esrd, excluding events/patients with 1. a diagnosis of End-Stage Kidney Disease in the 365 days before AKI occurrence 2. patients receiving chronic dialysis defined as more than 3 recorded events of dialysis in 365 days before AKI occurrence 3.  kidney Transplant any time prior ; applying a washout period of 30 days between observed events. patients exit the cohort 7 days post index.  ","2022-11-29","2023-01-26",,
269,269,"Acute Kidney Injury AKI (7Pe, 30W)","Status: #Accepted
Contributor: Gowtham A. Rao
Version: 3.8.0
Forum post: https://forums.ohdsi.org/t/phenotype-phebruary-day-29-acute-kidney-injury/16067
Logic: Acute Kidney Injury (AKI) indexed on a diagnosis of Acute kidney injury  or a Dialysis procedure at a medicare certified esrd facility for acute kidney injury without esrd, excluding events/patients with 1. a diagnosis of End-Stage Kidney Disease in the 365 days before AKI occurrence 2. patients receiving chronic dialysis defined as more than 3 recorded events of dialysis in 365 days before AKI occurrence 3.  kidney Transplant any time prior ; applying a washout period of 30 days between observed events. patients exit the cohort 7 days post index.  ","2022-11-29","2023-02-13",,
270,270,"[P] Hemolytic Anemia (7Pe, 180Era)","Status: Pending peer review.
Contributor: Gowtham A. Rao
Forum post: https://forums.ohdsi.org/t/phenotype-submission-hemolytic-anemia/17856
Logic: all events of hemolytic anemia, indexed on anemia or hemolysis.","2022-11-30","2023-01-26",,
271,271,"[P] Hemolytic Anemia Intra corpuscular (FP)","Status: Pending peer review.
Contributor: Gowtham A. Rao
Forum post: https://forums.ohdsi.org/t/phenotype-submission-hemolytic-anemia/17856
Logic: all events of hemolytic anemia, indexed on anemia or hemolysis, without congenital or hereditary causes of hemolytic anemia of membrane, enzyme or RBC structure.","2022-11-30","2022-11-30",,
276,276,"[P] Sudden Vision Loss (90Pe, 365Era)","Status: Pending peer review.
Contributor: Gowtham A. Rao
Forum post: 
Logic: all events of Sudden Vision Loss without eye pathology","2022-12-08","2023-01-26",,
277,277,"[P] Sudden Hearing Loss (30Pe, 365Era)","Status: Pending peer review.
Contributor: Gowtham A. Rao
Forum post: 
Logic: all events of Sudden Vision Loss without eye pathology","2022-12-08","2023-01-26",,
278,278,"[P] Pain or ache that is Non Chronic (3Pe, 7Era)","Status: Pending peer review.
hashTag: #Symptoms
Contributor: Gowtham A. Rao
Forum: https://forums.ohdsi.org/t/phenotype-submission-symptoms-and-signs/17895
Logic: all events of non chronic non generalized or diffuse pain","2023-01-04","2023-02-12",,
279,279,"[P] Low Back Pain or injury (30Pe, 180Era)","Status: Pending peer review.
hashTag: #Symptoms
Contributor: Gowtham A. Rao
Forum: https://forums.ohdsi.org/t/phenotype-submission-symptoms-and-signs/17895
Logic: all events of low back pain","2023-01-04","2023-02-12",,
280,280,"[P] Abdominal Pain or acute abdomen (3Pe, 7Era)","Status: Pending peer review.
hashTag: #Symptoms
Contributor: Gowtham A. Rao
Forum: https://forums.ohdsi.org/t/phenotype-submission-symptoms-and-signs/17895
Logic: all events of abdominal pain","2023-01-04","2023-02-12",,
281,281,"[P] Epigastric Pain (3Pe, 7Era)","Status: Pending peer review.
hashTag: #Symptoms
Contributor: Gowtham A. Rao
Forum: https://forums.ohdsi.org/t/phenotype-submission-symptoms-and-signs/17895
Logic: all events of abdominal pain","2023-01-04","2023-02-12",,
282,282,"[P] Joint Pain (3Pe, 30Era)","Status: Pending peer review.
hashTag: #Symptoms
Contributor: Gowtham A. Rao
Forum: https://forums.ohdsi.org/t/phenotype-submission-symptoms-and-signs/17895
Logic: all events of joint pain","2023-01-04","2023-02-12",,
283,283,"[P] Prostatitis (180Pe, 365Era)","Status: Pending
hashTag: #Submitted
Reviewer: 
Contributor: Gowtham A. Rao
Forum post: 
Logic: All events of prostatits that is either a first occurrence of chronic prostatitis, or did not have an event of prostatitis in past 1 year, with no testicular lesions, bladder neoplasm or abdominal or inguinal hernia in prior 1 year. cohort end 180 days post cohort end date, ","2023-01-13","2023-01-26",,
284,284,"[P] Myocarditis or Pericarditis (30Pe, 90Era)","Status: Pending
hashTag: #Submitted
Reviewer: 
Contributor: Gowtham A. Rao
Forum post: 
Logic: All events of Myocarditis or Pericarditis","2023-01-14","2023-01-26",,
285,285,"[P] Myocarditis or Pericarditis Not due to infections (30Pe, 90Era)","Status: Pending
hashTag: #Submitted
Reviewer: 
Contributor: Gowtham A. Rao
Forum post: 
Logic: All events of Myocarditis or Pericarditis without events that are due to Infectious Etiology","2023-01-14","2023-01-26",,
287,287,"[P] Transverse myelitis includes Myelitis Unspecified and neuromyelitis optica (90Pe, 365Era)","Status: Pending
hashTag: #Sensitivity
Reviewer: Evan Minty
Contributor: Gowtham A. Rao
Forum post: https://forums.ohdsi.org/t/phenotype-submission-transverse-myelitis/17769
Logic: events with a diagnosis of transverse myelitis indexed on diagnosis of transverse myelitis, OR related spinal disease or symptoms of transverse myelitis, followed by a diagnosis of transverse myelitis within 30 days OR events of myelitis unspecified with weakness or asthenia, neuromyelitis optica with weakness or asthenia. Symptoms of Transverse Myelitis included asthenia, muscle weakness, myelitis, paresthesia.","2023-01-17","2023-01-26",,
288,288,"[P] Type 2 Diabetes Mellitus indexed on diagnosis, treatment or lab results (FP)","Status: Pending
hashTag: #Disease
Reviewer: None
Contributor: Patrick Ryan, Jill Hardin
Forum post: https://forums.ohdsi.org/t/phenotype-phebruary-day-1-type-2-diabetes-mellitus/15764
Logic: Earliest event of Type 2 Diabetes Mellitus (DM), indexed on diagnosis or Blood glucose lowering drugs excluding insulin or high Hemoglobin A1c (limited to treatments or measurement that are followed with Type 2 DM diagnosis within 365 days); excluding persons with Type 1 DM or secondary diabetes mellitus in the all time prior including index date","2023-01-25","2023-01-26",,
289,289,"[P] Presence Of Cardiac Arrhythmia (3Pe, 60Era)",,"2023-01-26","2023-01-26",,
290,290,"[P] Thyroiditis indexed on diagnosis or treatment without (FP)","Status: Pending peer review.
hashTag: #Disease
Contributor: Gowtham A. Rao
Forum: pending
Logic: All events of thyroiditis, indexed on an occurrence of Thyroiditis (including hypo and hyperthyroidism) condition or exposure to levothyroxine  (limited to drug exposure that occurred within 365 days prior to an occurrence of Thyroiditis condition). Limited to events that had zero condition occurrence of Hypothyroidism other than Hashimoto's Disease (ie excluding alternative causes of hypothyroidism) all time prior and including index. Persons exit the cohort at the end of observation period.  ","2023-01-26","2023-02-13",,
291,291,"[P] Gynecomastia, indexed on diagnosis, procedure or symptoms (FP)","Status: Pending
hashTag: #Submitted
Reviewer: None
Contributor: Gowtham A. Rao
Forum post: None
Logic: All events of Gynecomastia diagnosis, indexed on a diagnosis of Gynecomastia or a procedure of Mastectomy for gynecomastia or a presentation/symptoms of Gynecomastia (breast lump or pain). Events indexed on a procedures or symptoms are required to be followed by a diagnosis within a year. restricting to male.","2023-01-26","2023-01-26",,
292,292,"[P] Hepatic Failure (365Pe, 365Era)","Status: Pending peer review.
hashTag: #Disease
Contributor: Gowtham A. Rao
Forum: Pending
Logic: all events of acute hepatic failure. no chronic hepatic failure.","2023-01-26","2023-01-26",,
293,293,"[P] Acute Hepatic Injury with no chronic hepatic failure (180Pe, 180Era)","Status: #Pending
Contributor: Gowtham A. Rao
Forum post: Pending
Logic: All events of Acute Liver Injury, indexed on the diagnosis of Acute Liver Injury, with no chronic hepatic failure. ","2023-01-26","2023-01-26",,
294,294,"[P] Acute Hepatic Injury with no pre-existing liver disease (180Pe, 180Era)","Status: #Pending
Contributor: Gowtham A. Rao
Forum post: Pending
Logic: Earliest event of Acute Liver Injury, indexed on the diagnosis of Acute Liver Injury. Patients are excluded if they have a diagnosis of chronic hepatic failure any time in the past or on the same day. Also excluded patients who have other prior liver disease such as viral hepatitis, Liver Cirrhosis, liver fibrosis, alcoholic and others anytime prior including index. ","2023-01-26","2023-01-26",,
295,295,"[P] Acute Hepatic Failure in persons with no pre-existing liver disease (365Pe, 365Era)","Status: Pending peer review.
hashTag: #Submitted
Contributor: Gowtham A. Rao
Forum post: pending
Logic: Event of hepatic Failure, indexed on the diagnosis of Hepatic Failure. Patients are excluded if they have a diagnosis of chronic hepatic failure any time in the past or on the same day. Also excluded patients who have other prior liver disease such as viral hepatitis, Liver Cirrhosis, liver fibrosis, alcoholic and others anytime prior including index.","2023-01-26","2023-01-26",,
296,296,"Transverse myelitis or symptoms indexed on symptoms or diagnosis (180Pe, 180Era)","Status: Accepted
hashTag: #Accepted, #Level2
Version: 3.9.0
Reviewer: Evan Minty
Contributor: Gowtham A. Rao
Forum post: https://forums.ohdsi.org/t/phenotype-submission-transverse-myelitis/17769
Logic: events with a diagnosis of transverse myelitis indexed on diagnosis of transverse myelitis, related spinal disease or symptoms of transverse myelitis, followed by a diagnosis of transverse myelitis within 30 days. Symptoms of Transverse Myelitis included asthenia, muscle weakness, myelitis, paresthesia.","2023-01-26","2023-02-13",,
298,298,"[P] Urinary bleed events in persons without renal glomerular disease (30Pe, 7Era)","Status: Pending peer review.
hashTag: #Symptoms
Contributor: Gowtham A. Rao
Forum: Pending
Logic: all events of urinary bleeds in persons with no recent kidney biopsy, no chronic kidney disease or recent renal glomerular disease","2023-02-02","2023-02-02",,
299,299,"[P] Acute gastrointestinal bleeding events (7Pe, 30Era)","Status: Pending peer review.
hashTag: #Symptoms
Contributor: Gowtham A. Rao
Forum: Pending
Logic: all events of gastrointestinal bleed","2023-02-02","2023-02-02",,
300,300,"[P] Heavy menstrual bleeding (menorrhagia) events (60Pe, 180Era)","Status: Pending peer review.
hashTag: #Symptoms
Contributor: Gowtham A. Rao
Forum: Pending
Logic: all events of heavy menstrual bleed (includes source code https://github.com/OHDSI/Vocabulary-v5.0/issues/761) in Female who are not pregnant or post menopause","2023-02-02","2023-02-02",,
318,318,"[P] All events of Acute Hepatic Failure in persons without chronic hepatic failure (90Pe, 365Era)","Status: Pending peer review.
hashTag: #Disease
Contributor: Gowtham A. Rao
Forum: Pending
Logic: all events of acute hepatic failure. no chronic hepatic failure.","2023-02-11","2023-02-11",,
324,324,"[P] Pain (3Pe, 7Era)","Status: Pending peer review.
hashTag: #Symptoms
Contributor: Gowtham A. Rao
Forum: https://forums.ohdsi.org/t/phenotype-submission-symptoms-and-signs/17895
Logic: all events of pain","2023-02-12","2023-02-12",,
325,325,"[P] Inpatient Hospitalization By Site of care or type of service (0Pe, 1Era)","Status: Pending
Contributor: Gowtham A. Rao
Forum: 
Logic: All events of Inpatient visit defined by site of care (visit domain) or type of service (procedure or observation codes) within any of the main visit categories","2023-02-12","2023-02-12",,
327,327,"[P] Pharyngitis (3Pe, 7Era)","Status: Pending peer review.
hashTag: #Symptoms
Contributor: Gowtham A. Rao
Forum: https://forums.ohdsi.org/t/phenotype-submission-symptoms-and-signs/17895
Logic: all events of pharyngitis","2023-02-12","2023-02-12",,
328,328,"[P] Wheezing (3Pe, 30Era)","Status: Pending peer review.
hashTag: #Symptoms
Contributor: Gowtham A. Rao
Forum: https://forums.ohdsi.org/t/phenotype-submission-symptoms-and-signs/17895
Logic: All events of wheezing","2023-02-12","2023-02-12",,
329,329,"[P] Pneumonitis and lung infections (14Pe, 30Era)","Status: Pending peer review.
hashTag: #Signs
Contributor: Gowtham A. Rao
Forum: https://forums.ohdsi.org/t/phenotype-submission-symptoms-and-signs/17895
Logic: All events of Bronchitis","2023-02-12","2023-02-12",,
330,330,"[P] Abdominal Bloating (1Pe, 7Era)","Status: Pending peer review.
hashTag: #Symptoms
Contributor: Gowtham A. Rao
Forum: https://forums.ohdsi.org/t/phenotype-submission-symptoms-and-signs/17895
Logic: all events of abdominal bloating","2023-02-12","2023-02-12",,
331,331,"[P] Encephalopathy (1Pe, 14Era)","Status: Pending peer review.
hashTag: #Symptoms
Contributor: Gowtham A. Rao
Forum: https://forums.ohdsi.org/t/phenotype-submission-symptoms-and-signs/17895
Logic: events Encephalopathy","2023-02-12","2023-02-12",,
332,332,"[P] Pain or ache that is Chronic (3Pe, 180Era)","Status: Pending peer review.
hashTag: #Symptoms
Contributor: Gowtham A. Rao
Forum: https://forums.ohdsi.org/t/phenotype-submission-symptoms-and-signs/17895
Logic: all events of non chronic non generalized or diffuse pain","2023-02-12","2023-02-12",,
333,333,"[P] Alcohol Use Disorder (365Pe, 365Era)","Status: Pending peer review.
hashTag: #Symptoms
Contributor: Gowtham A. Rao
Forum: https://forums.ohdsi.org/t/phenotype-submission-symptoms-and-signs/17895
Logic: all events of abdominal pain","2023-02-12","2023-02-12",,
334,334,"[P] Asthma (FP)","Status: Pending peer review.
Contributor: 
Forum: 
Logic: Earliest of either asthma diagnosis or therapy for asthma with a history of another asthma therapy more than 180 days before. The person should not have a diagnosis or treatment for COPD in past.","2023-02-12","2023-02-12",,
335,335,"[P] Anxiety or Fear (3Pe, 30Era)","Status: Pending peer review.
Contributor: 
Forum: 
Logic: Events of Anxiety or Fear","2023-02-12","2023-02-12",,
